{
  "version": "1.0",
  "game_id": "ac44b606",
  "save_slot": 1,
  "province": {
    "name": "Selanik Sancağı",
    "capital": "Selanik",
    "region": "Rumeli"
  },
  "time": {
    "year": 1520,
    "month": 1,
    "turn": 0
  },
  "economy": {
    "resources": {
      "gold": 10000,
      "food": 8000,
      "wood": 4000,
      "iron": 2000,
      "stone": 1000,
      "rope": 500,
      "tar": 300,
      "sailcloth": 200
    },
    "tax_rate": 0.15,
    "trade_level": 1,
    "tax_modifier": 1.0,
    "trade_modifier": 1.0,
    "expense_modifier": 1.0
  },
  "military": {
    "units": {
      "sipahi": 50,
      "yenicheri": 30,
      "azap": 100,
      "topcu": 5,
      "akinci": 20
    },
    "training_queue": [],
    "morale": 100,
    "experience": 0,
    "at_war": false,
    "total_losses": 0,
    "total_victories": 0
  },
  "population": {
    "population": {
      "farmers": 6000,
      "merchants": 2000,
      "artisans": 1500,
      "soldiers": 500
    },
    "happiness": 70,
    "health": 80,
    "unrest": 0,
    "active_revolt": false,
    "happiness_modifiers": {},
    "growth_rate": 0.02
  },
  "construction": {
    "buildings": {
      "mosque": {
        "level": 1
      },
      "farm": {
        "level": 1
      }
    },
    "construction_queue": []
  },
  "diplomacy": {
    "sultan_loyalty": 90,
    "sultan_favor": 50,
    "sadrazam_relation": 50,
    "defterdar_relation": 50,
    "neighbors": {
      "Rumeli Eyaleti": {
        "value": 70,
        "type": "neutral"
      },
      "Mora Sancağı": {
        "value": 60,
        "type": "neutral"
      },
      "Venedik": {
        "value": -30,
        "type": "neutral"
      }
    },
    "active_missions": [],
    "envoy_cooldown": 0
  },
  "events": {
    "event_history": [],
    "events_this_year": 0,
    "current_event_id": null
  },
  "warfare": {
    "war_history": [],
    "peace_treaties": {},
    "war_weariness": 0,
    "battle_counter": 0
  },
  "trade": {
    "trade_agreements": {},
    "total_trade_income": 0,
    "caravans_lost": 0,
    "caravans_completed": 0,
    "caravan_counter": 0,
    "has_port": false,
    "port_level": 0,
    "active_caravans": []
  },
  "workers": {
    "workers": [
      {
        "name": "Ahmet",
        "type": "farmer",
        "skill": 1,
        "task": "farming",
        "efficiency": 1.0,
        "turns": 0
      },
      {
        "name": "Mehmet",
        "type": "farmer",
        "skill": 1,
        "task": "farming",
        "efficiency": 1.0,
        "turns": 0
      },
      {
        "name": "Mustafa",
        "type": "lumberjack",
        "skill": 1,
        "task": "logging",
        "efficiency": 1.0,
        "turns": 0
      }
    ],
    "name_index": 3
  },
  "naval": {
    "ships": [],
    "construction_queue": [],
    "total_ships_built": 0,
    "naval_victories": 0,
    "naval_defeats": 0,
    "ships_lost": 0
  },
  "artillery": {
    "cannons": [],
    "production_queue": [],
    "total_cannons_produced": 0,
    "cannons_destroyed": 0
  }
}